Crop,State,Year,Forecasted_Demand,Last_Year_Inventory,Avg_Storage_Capacity,Inventory_Required
Wheat,Punjab,2000,7887.39,1360.0,7390,7199.43
Wheat,Punjab,2001,1979.01,7587.95,7390,2711.36
Wheat,Punjab,2002,6943.54,2403.95,7390,5984.71
Wheat,Punjab,2003,11022.95,6410.04,7390,10447.63
Wheat,Punjab,2004,2302.55,9729.19,7390,1911.04
Wheat,Punjab,2005,5567.02,2636.42,7390,5149.48
Wheat,Punjab,2006,5568.4,5722.81,7390,5152.69
Wheat,Punjab,2007,4221.75,6506.68,7390,4792.1
Wheat,Punjab,2008,2812.99,4297.26,7390,2997.82
Wheat,Punjab,2009,1479.06,2797.06,7390,820.1
Wheat,Punjab,2010,1870.14,1418.05,7390,2801.41
Wheat,Punjab,2011,7628.8,1585.46,7390,6824.15
Wheat,Punjab,2012,6986.74,8275.58,7390,6230.82
Wheat,Punjab,2013,4440.33,7158.1,7390,5258.97
Wheat,Punjab,2014,3545.44,5456.59,7390,3168.86
Wheat,Punjab,2015,5786.75,3329.02,7390,5156.46
Wheat,Punjab,2016,10796.67,5680.61,7390,11675.67
Wheat,Punjab,2017,9407.98,9726.26,7390,10251.73
Wheat,Punjab,2018,1577.97,9053.45,7390,668.43
Wheat,Punjab,2019,3753.06,1796.43,7390,3295.76
Wheat,Punjab,2020,7973.97,3927.97,7390,7535.84
Wheat,Punjab,2021,5039.11,8458.64,7390,5643.5
Wheat,Punjab,2022,1996.38,5884.26,7390,2540.87
Wheat,Punjab,2023,2236.91,1670.96,7390,2867.84
Wheat,Punjab,2024,8036.07,2788.44,7390,8578.61
Wheat,Punjab,2025,1572.06,7361.72,7390,803.8
Wheat,Punjab,2026,9200.36,1666.4,7390,8862.15
Wheat,Punjab,2027,1453.17,8767.93,7390,1103.54
Wheat,Punjab,2028,7982.78,1572.03,7390,8757.21
Rice,Punjab,2000,6703.99,3190.0,5840,6216.13
Rice,Punjab,2001,1478.83,7495.57,5840,700.61
Rice,Punjab,2002,4362.95,1363.9,5840,5154.48
Rice,Punjab,2003,5411.93,4954.03,5840,5802.96
Rice,Punjab,2004,2348.13,5278.33,5840,2427.81
Rice,Punjab,2005,3328.43,2253.98,5840,3526.16
Rice,Punjab,2006,8356.89,2827.55,5840,8605.6
Rice,Punjab,2007,3083.04,7253.06,5840,2996.1
Rice,Punjab,2008,2866.91,3660.7,5840,3633.47
Rice,Punjab,2009,3326.67,2965.96,5840,3039.27
Rice,Punjab,2010,8326.42,3919.11,5840,8621.8
Rice,Punjab,2011,945.43,9161.46,5840,555.0
Rice,Punjab,2012,2515.75,1004.68,5840,2485.41
Rice,Punjab,2013,6564.89,2481.9,5840,6053.14
Rice,Punjab,2014,2231.74,7231.92,5840,2347.94
Rice,Punjab,2015,3827.92,2514.62,5840,3335.75
Rice,Punjab,2016,3474.87,4634.53,5840,3899.41
Rice,Punjab,2017,2797.23,3221.88,5840,2330.79
Rice,Punjab,2018,9441.17,2332.78,5840,8507.27
Rice,Punjab,2019,4326.28,9789.53,5840,4687.69
Rice,Punjab,2020,5657.72,4105.64,5840,5763.51
Rice,Punjab,2021,5272.28,5778.41,5840,5011.58
Rice,Punjab,2022,3564.97,6334.27,5840,3505.57
Rice,Punjab,2023,9452.14,3179.44,5840,10085.01
Rice,Punjab,2024,7041.54,9850.81,5840,7057.94
Rice,Punjab,2025,8303.32,8185.11,5840,7955.24
Rice,Punjab,2026,3234.04,7262.32,5840,3853.04
Rice,Punjab,2027,3469.59,2982.17,5840,4350.63
Rice,Punjab,2028,4610.66,4137.99,5840,5286.08
Maize,Punjab,2000,2929.42,2302.0,8616,3320.99
Maize,Punjab,2001,2659.49,2881.64,8616,3623.83
Maize,Punjab,2002,5109.22,3056.95,8616,6101.73
Maize,Punjab,2003,9914.69,5649.72,8616,10679.96
Maize,Punjab,2004,2459.69,9688.77,8616,2860.41
Maize,Punjab,2005,9848.55,2698.36,8616,9657.57
Maize,Punjab,2006,10251.86,8619.95,8616,11123.13
Maize,Punjab,2007,8613.43,8989.93,8616,8774.8
Maize,Punjab,2008,5116.47,8068.07,8616,6063.8
Maize,Punjab,2009,3278.49,4350.54,8616,3249.72
Maize,Punjab,2010,6031.82,3555.29,8616,5383.67
Maize,Punjab,2011,1159.84,5035.82,8616,517.48
Maize,Punjab,2012,4718.02,1162.68,8616,5159.9
Maize,Punjab,2013,3836.74,4298.22,8616,3854.37
Maize,Punjab,2014,6055.54,3772.55,8616,6235.28
Maize,Punjab,2015,9758.01,6726.99,8616,10570.21
Maize,Punjab,2016,4615.13,9810.04,8616,4905.34
Maize,Punjab,2017,8042.95,4909.55,8616,7503.32
Maize,Punjab,2018,5650.94,7020.32,8616,6188.05
Maize,Punjab,2019,1667.89,5492.74,8616,1607.77
Maize,Punjab,2020,4055.4,1392.43,8616,4550.83
Maize,Punjab,2021,8929.24,3516.04,8616,9034.77
Maize,Punjab,2022,7332.37,9577.65,8616,6483.06
Maize,Punjab,2023,3287.48,6150.63,8616,2824.43
Maize,Punjab,2024,5094.18,3751.27,8616,4883.56
Maize,Punjab,2025,10076.82,5367.52,8616,9217.65
Maize,Punjab,2026,3077.44,8597.92,8616,2794.74
Maize,Punjab,2027,3018.28,2880.27,8616,2663.38
Maize,Punjab,2028,7382.48,3287.47,8616,7800.3
Sugarcane,Punjab,2000,9508.38,3306.0,2537,10334.86
Sugarcane,Punjab,2001,5605.48,8291.02,2537,6202.07
Sugarcane,Punjab,2002,7403.04,5602.08,2537,7994.62
Sugarcane,Punjab,2003,8426.18,6849.68,2537,8177.35
Sugarcane,Punjab,2004,1903.63,9010.05,2537,975.52
Sugarcane,Punjab,2005,5278.92,1845.84,2537,4852.0
Sugarcane,Punjab,2006,5131.07,5190.38,2537,4205.77
Sugarcane,Punjab,2007,7933.46,6317.5,2537,7187.58
Sugarcane,Punjab,2008,6315.8,8403.41,2537,5747.44
Sugarcane,Punjab,2009,5510.33,5700.19,2537,4613.7
Sugarcane,Punjab,2010,5876.18,6606.01,2537,6151.04
Sugarcane,Punjab,2011,8969.01,5782.19,2537,9001.61
Sugarcane,Punjab,2012,4367.88,7534.82,2537,3909.54
Sugarcane,Punjab,2013,4115.96,3906.61,2537,3166.66
Sugarcane,Punjab,2014,10962.58,4950.74,2537,11354.53
Sugarcane,Punjab,2015,4068.91,9663.84,2537,3381.78
Sugarcane,Punjab,2016,3316.22,4680.58,2537,3745.42
Sugarcane,Punjab,2017,6330.72,3252.19,2537,7240.45
Sugarcane,Punjab,2018,7807.2,6941.78,2537,8030.64
Sugarcane,Punjab,2019,4294.43,7641.07,2537,4006.37
Sugarcane,Punjab,2020,6301.52,4776.4,2537,5533.66
Sugarcane,Punjab,2021,1154.26,7820.61,2537,1865.18
Sugarcane,Punjab,2022,7257.17,1414.02,2537,6452.84
Sugarcane,Punjab,2023,5366.98,7332.92,2537,4713.39
Sugarcane,Punjab,2024,4705.54,5424.54,2537,4937.24
Sugarcane,Punjab,2025,5494.38,4904.66,2537,5243.6
Sugarcane,Punjab,2026,6641.06,6715.84,2537,7354.04
Sugarcane,Punjab,2027,5994.13,6632.74,2537,5135.27
Sugarcane,Punjab,2028,5497.34,6928.24,2537,5668.89
Cotton,Punjab,2000,5902.86,4046.0,2851,6189.43
Cotton,Punjab,2001,5217.78,6179.27,2851,6100.71
Cotton,Punjab,2002,5300.44,5124.28,2851,6111.14
Cotton,Punjab,2003,2286.33,4474.92,2851,1487.89
Cotton,Punjab,2004,975.17,2762.12,2851,1341.18
Cotton,Punjab,2005,1521.9,1164.0,2851,2211.65
Cotton,Punjab,2006,1361.58,1640.7,2851,925.29
Cotton,Punjab,2007,2225.87,1209.45,2851,2483.75
Cotton,Punjab,2008,9733.84,2063.48,2851,10340.8
Cotton,Punjab,2009,3081.78,8897.25,2851,3583.01
Cotton,Punjab,2010,9882.44,3538.31,2851,9707.67
Cotton,Punjab,2011,4828.92,8261.51,2851,4510.53
Cotton,Punjab,2012,10721.12,4348.16,2851,10579.11
Cotton,Punjab,2013,8547.72,9376.82,2851,7753.97
Cotton,Punjab,2014,9142.14,7757.84,2851,9795.06
Cotton,Punjab,2015,4494.37,9122.98,2851,4272.77
Cotton,Punjab,2016,1275.51,3880.45,2851,458.08
Cotton,Punjab,2017,4571.21,1097.54,2851,5472.42
Cotton,Punjab,2018,6485.84,3873.82,2851,6382.73
Cotton,Punjab,2019,3389.51,6160.94,2851,3734.55
Cotton,Punjab,2020,8677.76,3638.9,2851,9256.99
Cotton,Punjab,2021,1816.79,7771.37,2851,931.91
Cotton,Punjab,2022,5806.7,1820.85,2851,6582.11
Cotton,Punjab,2023,3521.3,5945.76,2851,2807.29
Cotton,Punjab,2024,8224.97,4158.24,2851,7427.22
Cotton,Punjab,2025,1898.2,7853.6,2851,1043.73
Cotton,Punjab,2026,9089.45,1756.96,2851,8252.14
Cotton,Punjab,2027,2106.82,8396.74,2851,1855.36
Cotton,Punjab,2028,4878.27,1763.54,2851,5772.77
Barley,Punjab,2000,7395.3,4812.0,3324,6562.3
Barley,Punjab,2001,8181.08,7780.4,3324,8029.53
Barley,Punjab,2002,7733.05,7994.32,3324,7718.3
Barley,Punjab,2003,1088.37,9157.19,3324,200.97
Barley,Punjab,2004,1752.77,1102.18,3324,2051.19
Barley,Punjab,2005,7971.66,2069.36,3324,8896.01
Barley,Punjab,2006,3998.93,7714.4,3324,4736.13
Barley,Punjab,2007,3570.52,4373.84,3324,2594.83
Barley,Punjab,2008,7951.09,3012.36,3324,8733.37
Barley,Punjab,2009,6882.99,9728.91,3324,6030.59
Barley,Punjab,2010,7108.14,5749.31,3324,7154.34
Barley,Punjab,2011,7186.42,5984.69,3324,7095.5
Barley,Punjab,2012,6872.23,6664.59,3324,7674.55
Barley,Punjab,2013,1285.57,6648.02,3324,2186.39
Barley,Punjab,2014,8852.52,1409.02,3324,9092.78
Barley,Punjab,2015,3060.25,9012.37,3324,2987.64
Barley,Punjab,2016,4320.05,3496.43,3324,3475.52
Barley,Punjab,2017,11669.58,4180.17,3324,12065.9
Barley,Punjab,2018,5381.08,9769.55,3324,6008.67
Barley,Punjab,2019,6195.97,5824.87,3324,7017.82
Barley,Punjab,2020,9914.67,7162.58,3324,10366.11
Barley,Punjab,2021,6307.49,8402.84,3324,7172.95
Barley,Punjab,2022,7194.73,6520.74,3324,6247.47
Barley,Punjab,2023,4933.27,8794.58,3324,5907.83
Barley,Punjab,2024,2442.38,4388.17,3324,2204.16
Barley,Punjab,2025,11060.65,2353.75,3324,11737.31
Barley,Punjab,2026,5040.44,9729.23,3324,4587.26
Barley,Punjab,2027,1727.29,5218.24,3324,2353.09
Barley,Punjab,2028,11983.5,1507.38,3324,12094.37
Gram,Punjab,2000,7431.95,4136.0,4724,6914.12
Gram,Punjab,2001,2562.51,7813.73,4724,2111.97
Gram,Punjab,2002,3298.5,2845.41,4724,3812.5
Gram,Punjab,2003,1290.48,2865.05,4724,334.85
Gram,Punjab,2004,5431.31,1422.07,4724,6094.05
Gram,Punjab,2005,4247.1,5483.49,4724,5183.05
Gram,Punjab,2006,2005.28,3770.0,4724,2185.19
Gram,Punjab,2007,5151.3,1795.67,4724,5720.64
Gram,Punjab,2008,7578.39,5320.41,4724,8384.69
Gram,Punjab,2009,7815.22,6754.25,4724,8031.39
Gram,Punjab,2010,6877.36,6555.37,4724,6059.36
Gram,Punjab,2011,7680.63,6729.8,4724,7582.45
Gram,Punjab,2012,8451.2,7537.57,4724,8498.4
Gram,Punjab,2013,8141.96,9194.24,4724,8060.65
Gram,Punjab,2014,9501.62,7278.78,4724,8634.09
Gram,Punjab,2015,1481.02,8578.82,4724,1175.85
Gram,Punjab,2016,2974.0,1412.75,4724,2657.13
Gram,Punjab,2017,5742.28,2882.18,4724,5911.82
Gram,Punjab,2018,4966.63,5835.37,4724,4326.76
Gram,Punjab,2019,7011.68,4602.7,4724,7760.31
Gram,Punjab,2020,6703.92,7268.51,4724,6907.79
Gram,Punjab,2021,3402.67,5637.12,4724,3092.84
Gram,Punjab,2022,3355.38,3014.64,4724,3452.81
Gram,Punjab,2023,5475.15,4128.57,4724,6263.58
Gram,Punjab,2024,2012.03,5809.81,4724,1655.19
Gram,Punjab,2025,1816.81,2158.74,4724,2192.38
Gram,Punjab,2026,4835.87,1830.62,4724,4590.44
Gram,Punjab,2027,1174.12,5604.91,4724,343.15
Gram,Punjab,2028,7615.56,1023.36,4724,7688.74
Soybean,Punjab,2000,3450.0,555.0,6821,3512.53
Soybean,Punjab,2001,6174.36,3125.05,6821,5469.84
Soybean,Punjab,2002,2362.61,7484.64,6821,3051.49
Soybean,Punjab,2003,6291.66,2198.05,6821,7026.09
Soybean,Punjab,2004,4015.08,7746.55,6821,3224.82
Soybean,Punjab,2005,6666.13,4187.32,6821,6794.06
Soybean,Punjab,2006,7158.78,7636.65,6821,7229.45
Soybean,Punjab,2007,2904.24,8566.39,6821,2852.18
Soybean,Punjab,2008,4445.72,3098.95,6821,4404.88
Soybean,Punjab,2009,6850.59,4195.94,6821,6966.07
Soybean,Punjab,2010,6440.71,6257.8,6821,6198.25
Soybean,Punjab,2011,4682.38,6278.82,6821,4897.49
Soybean,Punjab,2012,3196.94,4037.02,6821,2857.63
Soybean,Punjab,2013,7550.92,3199.18,6821,7001.59
Soybean,Punjab,2014,4267.3,9403.23,6821,4968.94
Soybean,Punjab,2015,2010.11,4288.21,6821,1121.42
Soybean,Punjab,2016,7041.89,1790.99,6821,6078.38
Soybean,Punjab,2017,8719.2,8580.83,6821,9512.42
Soybean,Punjab,2018,7216.45,7272.65,6821,6227.05
Soybean,Punjab,2019,9739.43,6183.99,6821,10185.22
Soybean,Punjab,2020,9120.7,9775.6,6821,9190.77
Soybean,Punjab,2021,6005.96,8387.75,6821,5416.11
Soybean,Punjab,2022,10531.45,5289.58,6821,9930.46
Soybean,Punjab,2023,7717.25,9711.95,6821,8131.71
Soybean,Punjab,2024,6604.2,7626.22,6821,6616.41
Soybean,Punjab,2025,8714.6,7910.02,6821,8902.36
Soybean,Punjab,2026,4243.99,9388.13,6821,4341.2
Soybean,Punjab,2027,5231.57,4323.07,6821,5600.72
Soybean,Punjab,2028,1532.09,5940.3,6821,537.52
Wheat,Haryana,2000,5481.67,3324.0,3994,6070.25
Wheat,Haryana,2001,2235.3,5258.5,3994,2727.25
Wheat,Haryana,2002,5486.55,1960.29,3994,6468.41
Wheat,Haryana,2003,2707.58,4676.66,3994,3560.48
Wheat,Haryana,2004,6139.67,2845.02,3994,6702.7
Wheat,Haryana,2005,9298.31,7494.37,3994,9897.39
Wheat,Haryana,2006,7369.23,8451.47,3994,6840.61
Wheat,Haryana,2007,7797.53,8426.19,3994,7429.93
Wheat,Haryana,2008,6755.49,6703.83,3994,6659.39
Wheat,Haryana,2009,8610.9,6294.76,3994,8859.1
Wheat,Haryana,2010,5714.5,7424.04,3994,5869.47
Wheat,Haryana,2011,4016.03,5858.03,3994,4079.74
Wheat,Haryana,2012,1426.19,4198.26,3994,1511.89
Wheat,Haryana,2013,4557.16,1599.57,3994,5018.26
Wheat,Haryana,2014,6277.85,4883.75,3994,7035.11
Wheat,Haryana,2015,5986.05,7243.46,3994,6132.35
Wheat,Haryana,2016,10986.75,5458.81,3994,11400.71
Wheat,Haryana,2017,6864.14,9979.23,3994,6273.23
Wheat,Haryana,2018,7408.7,8007.15,3994,7917.97
Wheat,Haryana,2019,1954.35,7426.58,3994,1712.0
Wheat,Haryana,2020,5325.62,1926.24,3994,5330.19
Wheat,Haryana,2021,5826.77,5113.0,3994,5644.68
Wheat,Haryana,2022,6396.34,5858.75,3994,6593.23
Wheat,Haryana,2023,6616.15,7946.94,3994,6814.21
Wheat,Haryana,2024,9991.24,6089.58,3994,9676.29
Wheat,Haryana,2025,2953.06,8441.19,3994,2528.92
Wheat,Haryana,2026,7611.06,3046.16,3994,6889.29
Wheat,Haryana,2027,1721.03,6534.55,3994,2173.22
Wheat,Haryana,2028,5328.41,1907.15,3994,6165.91
Rice,Haryana,2000,6341.51,3435.0,5876,6494.08
Rice,Haryana,2001,6264.38,7365.15,5876,6737.26
Rice,Haryana,2002,11011.02,6460.44,5876,10912.7
Rice,Haryana,2003,2410.73,9409.3,5876,3088.52
Rice,Haryana,2004,2479.17,2019.14,5876,3218.96
Rice,Haryana,2005,5876.54,2121.96,5876,5674.54
Rice,Haryana,2006,1394.44,5669.54,5876,2000.15
Rice,Haryana,2007,972.31,1492.85,5876,768.65
Rice,Haryana,2008,6816.77,1041.69,5876,6509.46
Rice,Haryana,2009,4514.23,5836.56,5876,4418.66
Rice,Haryana,2010,2963.96,4122.58,5876,2245.68
Rice,Haryana,2011,2585.79,3021.44,5876,2423.64
Rice,Haryana,2012,8725.37,2587.48,5876,8886.55
Rice,Haryana,2013,5387.35,9233.61,5876,5714.42
Rice,Haryana,2014,3082.27,6690.38,5876,2379.59
Rice,Haryana,2015,3946.83,2602.32,5876,4940.58
Rice,Haryana,2016,5730.36,4731.62,5876,4864.51
Rice,Haryana,2017,6850.39,5519.76,5876,7646.5
Rice,Haryana,2018,2494.1,7749.64,5876,1567.2
Rice,Haryana,2019,5384.73,2846.26,5876,4516.15
Rice,Haryana,2020,7830.65,5248.6,5876,7879.43
Rice,Haryana,2021,4769.71,7979.75,5876,4888.99
Rice,Haryana,2022,2092.17,4966.86,5876,2815.75
Rice,Haryana,2023,9032.85,2397.16,5876,8574.34
Rice,Haryana,2024,6547.9,9515.04,5876,5598.67
Rice,Haryana,2025,2613.17,6796.0,5876,2931.02
Rice,Haryana,2026,1105.53,2405.37,5876,567.68
Rice,Haryana,2027,5693.19,1243.86,5876,4901.41
Rice,Haryana,2028,7144.97,7047.03,5876,7450.46
Maize,Haryana,2000,1700.3,3554.0,7383,2144.83
Maize,Haryana,2001,9850.6,1894.97,7383,9644.97
Maize,Haryana,2002,6185.22,8701.27,7383,5771.51
Maize,Haryana,2003,7300.77,7012.77,7383,6471.79
Maize,Haryana,2004,2327.25,9067.02,7383,1690.12
Maize,Haryana,2005,6051.02,2870.98,7383,6836.36
Maize,Haryana,2006,7828.22,6247.37,7383,7347.07
Maize,Haryana,2007,4576.77,8356.99,7383,4112.9
Maize,Haryana,2008,6377.56,4417.23,7383,6481.65
Maize,Haryana,2009,4520.22,6617.34,7383,5417.13
Maize,Haryana,2010,6739.18,4925.14,7383,7476.11
Maize,Haryana,2011,6237.04,7872.45,7383,6836.75
Maize,Haryana,2012,3904.92,5386.88,7383,3442.27
Maize,Haryana,2013,6188.37,4826.92,7383,5704.14
Maize,Haryana,2014,2556.21,5874.71,7383,3525.01
Maize,Haryana,2015,4978.54,2254.2,7383,4523.16
Maize,Haryana,2016,1358.66,5731.21,7383,594.17
Maize,Haryana,2017,5629.33,1165.52,7383,5737.69
Maize,Haryana,2018,7767.96,6188.65,7383,7180.8
Maize,Haryana,2019,939.34,6862.78,7383,1739.38
Maize,Haryana,2020,9210.44,1098.96,7383,9411.47
Maize,Haryana,2021,6078.27,8865.01,7383,6907.1
Maize,Haryana,2022,4546.01,6985.33,7383,4583.85
Maize,Haryana,2023,1232.78,4768.93,7383,1708.85
Maize,Haryana,2024,1817.2,1422.69,7383,1307.89
Maize,Haryana,2025,4123.0,1745.19,7383,3834.35
Maize,Haryana,2026,6865.1,4503.66,7383,6997.91
Maize,Haryana,2027,5630.42,7471.41,7383,6504.08
Maize,Haryana,2028,6727.35,5284.45,7383,5789.72
Sugarcane,Haryana,2000,1460.71,2262.0,9411,1654.39
Sugarcane,Haryana,2001,4442.54,1462.83,9411,3655.74
Sugarcane,Haryana,2002,1829.24,4008.2,9411,1820.22
Sugarcane,Haryana,2003,7008.04,1676.24,9411,6500.84
Sugarcane,Haryana,2004,9374.6,7195.62,9411,9763.99
Sugarcane,Haryana,2005,3573.8,8371.92,9411,3295.75
Sugarcane,Haryana,2006,2128.75,3449.31,9411,1402.39
Sugarcane,Haryana,2007,9345.83,1824.24,9411,8716.1
Sugarcane,Haryana,2008,6753.85,9552.14,9411,7218.3
Sugarcane,Haryana,2009,8783.61,5877.11,9411,9168.16
Sugarcane,Haryana,2010,7777.34,8259.05,9411,7756.19
Sugarcane,Haryana,2011,3574.31,8642.76,9411,4462.43
Sugarcane,Haryana,2012,1466.25,2990.88,9411,2316.75
Sugarcane,Haryana,2013,2696.53,1354.84,9411,3527.5
Sugarcane,Haryana,2014,1408.61,2625.18,9411,1003.31
Sugarcane,Haryana,2015,11075.59,1305.51,9411,11964.12
Sugarcane,Haryana,2016,6030.81,9319.57,9411,6719.91
Sugarcane,Haryana,2017,4381.32,5267.93,9411,3455.33
Sugarcane,Haryana,2018,5678.88,3871.9,9411,4920.01
Sugarcane,Haryana,2019,1825.47,6366.43,9411,1505.22
Sugarcane,Haryana,2020,6214.99,1692.58,9411,5845.57
Sugarcane,Haryana,2021,6536.34,7522.9,9411,6173.85
Sugarcane,Haryana,2022,7657.1,5855.42,9411,7888.83
Sugarcane,Haryana,2023,2507.53,6633.02,9411,3247.73
Sugarcane,Haryana,2024,1370.0,3096.64,9411,1427.87
Sugarcane,Haryana,2025,10581.2,1191.42,9411,11577.07
Sugarcane,Haryana,2026,4600.62,9451.61,9411,4404.49
Sugarcane,Haryana,2027,5590.16,4156.41,9411,6337.51
Sugarcane,Haryana,2028,10914.47,5318.88,9411,10750.01
Cotton,Haryana,2000,6840.13,3930.0,6435,6061.08
Cotton,Haryana,2001,3834.88,7638.24,6435,3427.49
Cotton,Haryana,2002,2534.21,4191.6,6435,1569.96
Cotton,Haryana,2003,9603.79,3102.47,6435,9372.44
Cotton,Haryana,2004,6314.77,9889.5,6435,7214.69
Cotton,Haryana,2005,6750.56,7116.83,6435,6585.72
Cotton,Haryana,2006,10497.46,8077.11,6435,10432.26
Cotton,Haryana,2007,5652.23,8912.06,6435,6634.57
Cotton,Haryana,2008,3631.38,6520.7,6435,3930.68
Cotton,Haryana,2009,6502.47,3085.05,6435,5963.81
Cotton,Haryana,2010,2299.32,6469.63,6435,1672.19
Cotton,Haryana,2011,7535.69,2588.75,6435,6651.37
Cotton,Haryana,2012,11214.38,8016.26,6435,12069.88
Cotton,Haryana,2013,8655.73,9721.92,6435,8448.21
Cotton,Haryana,2014,8437.62,9954.17,6435,7745.42
Cotton,Haryana,2015,7422.96,7824.15,6435,6870.59
Cotton,Haryana,2016,6049.61,8342.5,6435,6209.78
Cotton,Haryana,2017,2098.68,5832.77,6435,1629.88
Cotton,Haryana,2018,2502.39,1823.38,6435,3413.69
Cotton,Haryana,2019,9843.59,2165.63,6435,10154.07
Cotton,Haryana,2020,4973.47,8759.15,6435,4790.38
Cotton,Haryana,2021,3935.76,5957.72,6435,4382.61
Cotton,Haryana,2022,4547.4,4354.2,6435,3987.77
Cotton,Haryana,2023,5937.18,5462.88,6435,6639.59
Cotton,Haryana,2024,5413.95,7149.33,6435,5598.76
Cotton,Haryana,2025,7909.42,5456.32,6435,8265.45
Cotton,Haryana,2026,5523.92,8422.13,6435,6281.18
Cotton,Haryana,2027,8695.09,6091.59,6435,9396.25
Cotton,Haryana,2028,9539.56,8176.83,6435,10213.58
Barley,Haryana,2000,2107.92,2216.0,7289,1486.36
Barley,Haryana,2001,10583.43,1952.51,7289,10514.37
Barley,Haryana,2002,7147.66,8934.73,7289,7787.55
Barley,Haryana,2003,3557.49,8911.64,7289,2559.73
Barley,Haryana,2004,6622.14,3057.63,7289,6139.52
Barley,Haryana,2005,2282.67,6005.64,7289,1935.53
Barley,Haryana,2006,5110.69,2738.2,7289,4864.08
Barley,Haryana,2007,1219.53,6038.6,7289,476.43
Barley,Haryana,2008,2866.24,1081.65,7289,2730.72
Barley,Haryana,2009,8191.77,3550.09,7289,7550.77
Barley,Haryana,2010,8682.44,8561.09,7289,8029.94
Barley,Haryana,2011,9357.89,7783.29,7289,8690.65
Barley,Haryana,2012,8601.19,7937.69,7289,8548.34
Barley,Haryana,2013,1262.48,7938.86,7289,1967.31
Barley,Haryana,2014,10609.3,1521.28,7289,10501.22
Barley,Haryana,2015,7085.98,9911.34,7289,6853.21
Barley,Haryana,2016,1795.2,6828.16,7289,1538.87
Barley,Haryana,2017,7540.56,1590.64,7289,6542.62
Barley,Haryana,2018,2399.86,8369.07,7289,3288.47
Barley,Haryana,2019,2191.74,2430.44,7289,2245.79
Barley,Haryana,2020,7753.14,1919.74,7289,8433.03
Barley,Haryana,2021,7096.39,8433.29,7289,6359.06
Barley,Haryana,2022,10445.4,7955.41,7289,9508.0
Barley,Haryana,2023,8823.34,8812.49,7289,9538.06
Barley,Haryana,2024,10687.84,7581.43,7289,10572.44
Barley,Haryana,2025,3534.55,9680.68,7289,3983.4
Barley,Haryana,2026,6788.14,3807.57,7289,7524.38
Barley,Haryana,2027,7620.92,7712.53,7289,7563.98
Barley,Haryana,2028,5086.4,7434.32,7289,4493.8
Gram,Haryana,2000,2338.78,4176.0,5380,2399.49
Gram,Haryana,2001,1298.56,2382.92,5380,886.9
Gram,Haryana,2002,10928.19,1160.76,5380,10299.1
Gram,Haryana,2003,4129.64,9206.52,5380,4326.3
Gram,Haryana,2004,5812.82,5158.88,5380,5929.65
Gram,Haryana,2005,2618.8,6465.76,5380,2921.84
Gram,Haryana,2006,4075.34,3029.86,5380,3941.84
Gram,Haryana,2007,8477.23,3933.33,5380,8406.42
Gram,Haryana,2008,6826.45,9859.16,5380,7775.85
Gram,Haryana,2009,7967.75,7124.11,5380,8481.87
Gram,Haryana,2010,11135.59,7496.99,5380,11584.16
Gram,Haryana,2011,6645.88,9573.84,5380,5851.47
Gram,Haryana,2012,4955.61,7742.45,5380,4920.32
Gram,Haryana,2013,2714.95,6138.14,5380,3266.56
Gram,Haryana,2014,7851.26,2893.15,5380,7919.74
Gram,Haryana,2015,7449.38,9471.14,5380,8098.41
Gram,Haryana,2016,3919.89,8942.8,5380,4874.83
Gram,Haryana,2017,3024.71,4220.21,5380,3667.59
Gram,Haryana,2018,1464.07,2807.73,5380,2367.17
Gram,Haryana,2019,2453.66,1370.65,5380,2643.21
Gram,Haryana,2020,6845.33,2117.98,5380,6443.0
Gram,Haryana,2021,11101.86,6549.44,5380,11352.47
Gram,Haryana,2022,8412.31,9416.82,5380,8381.11
Gram,Haryana,2023,7094.67,8050.8,5380,7289.62
Gram,Haryana,2024,7992.97,6947.38,5380,7074.48
Gram,Haryana,2025,2415.19,8054.49,5380,2864.85
Gram,Haryana,2026,6720.62,2476.0,5380,6679.18
Gram,Haryana,2027,6094.27,6339.51,5380,6034.64
Gram,Haryana,2028,8843.54,6541.68,5380,8710.85
Soybean,Haryana,2000,1984.53,2835.0,2306,2291.05
Soybean,Haryana,2001,4058.64,2455.05,2306,4045.2
Soybean,Haryana,2002,1666.65,3990.83,2306,1107.77
Soybean,Haryana,2003,4200.55,1733.74,2306,4881.45
Soybean,Haryana,2004,3041.01,4765.6,2306,2872.82
Soybean,Haryana,2005,9059.99,2567.74,2306,9530.69
Soybean,Haryana,2006,7924.84,8616.21,2306,8011.44
Soybean,Haryana,2007,5824.13,7909.51,2306,4882.92
Soybean,Haryana,2008,4753.31,5625.96,2306,4948.76
Soybean,Haryana,2009,8641.1,4559.64,2306,9625.37
Soybean,Haryana,2010,3354.42,8136.6,2306,3122.12
Soybean,Haryana,2011,5890.16,3554.69,2306,5361.74
Soybean,Haryana,2012,7681.6,5192.32,2306,7885.31
Soybean,Haryana,2013,6352.46,7984.0,2306,6377.69
Soybean,Haryana,2014,3904.27,6692.86,2306,3778.6
Soybean,Haryana,2015,1805.25,4717.28,2306,1991.08
Soybean,Haryana,2016,6618.99,1876.54,2306,5809.52
Soybean,Haryana,2017,6352.96,6214.73,2306,6151.05
Soybean,Haryana,2018,7009.01,6869.11,2306,7185.83
Soybean,Haryana,2019,6124.35,8721.88,2306,5598.41
Soybean,Haryana,2020,3589.72,6388.43,2306,3473.77
Soybean,Haryana,2021,3896.5,3112.07,2306,4235.28
Soybean,Haryana,2022,2265.05,3978.0,2306,2440.82
Soybean,Haryana,2023,8593.17,2311.81,2306,8311.67
Soybean,Haryana,2024,4600.58,9537.25,2306,4314.04
Soybean,Haryana,2025,6455.54,4414.23,2306,6866.31
Soybean,Haryana,2026,5748.27,5801.61,2306,5864.55
Soybean,Haryana,2027,4767.45,5017.32,2306,5740.83
Soybean,Haryana,2028,1880.16,5859.15,2306,983.56
Wheat,Uttar Pradesh,2000,2188.88,1558.0,6293,1395.5
Wheat,Uttar Pradesh,2001,6733.46,2620.09,6293,6528.22
Wheat,Uttar Pradesh,2002,5714.74,6262.04,6293,4749.5
Wheat,Uttar Pradesh,2003,4647.76,5319.07,6293,4807.98
Wheat,Uttar Pradesh,2004,3316.6,3908.18,6293,3001.91
Wheat,Uttar Pradesh,2005,4923.39,3288.02,6293,4188.82
Wheat,Uttar Pradesh,2006,2695.09,5790.2,6293,3160.88
Wheat,Uttar Pradesh,2007,2154.59,2291.88,6293,2616.25
Wheat,Uttar Pradesh,2008,2150.07,2461.44,6293,3076.77
Wheat,Uttar Pradesh,2009,3510.97,2405.47,6293,4468.23
Wheat,Uttar Pradesh,2010,3525.55,3297.76,6293,3013.84
Wheat,Uttar Pradesh,2011,9714.34,4368.67,6293,10251.38
Wheat,Uttar Pradesh,2012,2256.52,8477.89,6293,3093.88
Wheat,Uttar Pradesh,2013,7535.09,2017.99,6293,8188.77
Wheat,Uttar Pradesh,2014,7218.95,6405.49,6293,6916.09
Wheat,Uttar Pradesh,2015,2535.75,7002.74,6293,2171.98
Wheat,Uttar Pradesh,2016,10534.09,2433.59,6293,11038.94
Wheat,Uttar Pradesh,2017,1660.98,8797.95,6293,879.2
Wheat,Uttar Pradesh,2018,7581.72,1814.34,6293,8433.07
Wheat,Uttar Pradesh,2019,5737.24,6854.6,6293,6493.02
Wheat,Uttar Pradesh,2020,4423.57,4943.55,6293,4174.92
Wheat,Uttar Pradesh,2021,3890.77,3854.76,6293,3547.54
Wheat,Uttar Pradesh,2022,6964.99,3671.82,6293,7091.87
Wheat,Uttar Pradesh,2023,4509.6,6671.88,6293,4702.57
Wheat,Uttar Pradesh,2024,5779.76,4423.78,6293,4809.1
Wheat,Uttar Pradesh,2025,5450.22,5911.18,6293,5735.37
Wheat,Uttar Pradesh,2026,7835.49,6283.56,6293,7920.22
Wheat,Uttar Pradesh,2027,10891.33,7834.1,6293,11719.81
Wheat,Uttar Pradesh,2028,7021.77,9563.31,6293,6319.75
Rice,Uttar Pradesh,2000,3184.66,4899.0,5364,2973.39
Rice,Uttar Pradesh,2001,6531.77,3214.63,5364,6962.75
Rice,Uttar Pradesh,2002,6425.02,5944.73,5364,6286.74
Rice,Uttar Pradesh,2003,7514.96,5691.11,5364,8424.28
Rice,Uttar Pradesh,2004,6561.62,9070.43,5364,5955.92
Rice,Uttar Pradesh,2005,4663.57,6892.24,5364,3996.23
Rice,Uttar Pradesh,2006,6616.7,5312.65,5364,6956.9
Rice,Uttar Pradesh,2007,9487.32,6556.17,5364,9649.18
Rice,Uttar Pradesh,2008,1963.91,9366.45,5364,1763.72
Rice,Uttar Pradesh,2009,11056.14,1806.64,5364,11101.11
Rice,Uttar Pradesh,2010,2412.21,9790.53,5364,3011.77
Rice,Uttar Pradesh,2011,2443.34,2109.0,5364,3030.15
Rice,Uttar Pradesh,2012,3112.72,2661.27,5364,2961.78
Rice,Uttar Pradesh,2013,2008.59,2667.06,5364,1755.61
Rice,Uttar Pradesh,2014,4848.58,1783.35,5364,3853.75
Rice,Uttar Pradesh,2015,6782.79,5738.49,5364,6969.87
Rice,Uttar Pradesh,2016,8621.26,6741.87,5364,7970.81
Rice,Uttar Pradesh,2017,4936.47,8143.69,5364,5476.36
Rice,Uttar Pradesh,2018,5422.33,4246.95,5364,5026.45
Rice,Uttar Pradesh,2019,8653.45,6009.73,5364,8996.3
Rice,Uttar Pradesh,2020,9169.55,7587.62,5364,8468.96
Rice,Uttar Pradesh,2021,4147.08,8285.77,5364,3617.55
Rice,Uttar Pradesh,2022,8727.66,4815.5,5364,8798.38
Rice,Uttar Pradesh,2023,2410.32,8823.34,5364,1870.82
Rice,Uttar Pradesh,2024,3013.26,2606.01,5364,2527.03
Rice,Uttar Pradesh,2025,5506.89,2855.68,5364,4790.44
Rice,Uttar Pradesh,2026,3605.6,6688.14,5364,3957.28
Rice,Uttar Pradesh,2027,4876.37,3470.86,5364,5325.41
Rice,Uttar Pradesh,2028,1069.77,4984.45,5364,1707.19
Maize,Uttar Pradesh,2000,5644.91,1741.0,3125,4803.74
Maize,Uttar Pradesh,2001,2050.16,6205.48,3125,1433.89
Maize,Uttar Pradesh,2002,3482.8,1770.92,3125,3192.79
Maize,Uttar Pradesh,2003,1637.2,3910.34,3125,772.43
Maize,Uttar Pradesh,2004,7329.44,1624.81,3125,7409.47
Maize,Uttar Pradesh,2005,9459.09,8203.21,3125,9525.0
Maize,Uttar Pradesh,2006,3657.22,8920.71,3125,3996.19
Maize,Uttar Pradesh,2007,10591.2,3919.0,3125,10706.76
Maize,Uttar Pradesh,2008,7470.42,9947.25,3125,6590.7
Maize,Uttar Pradesh,2009,7170.08,7575.85,3125,6520.68
Maize,Uttar Pradesh,2010,6347.53,6060.67,3125,6419.19
Maize,Uttar Pradesh,2011,1832.96,7210.04,3125,2345.29
Maize,Uttar Pradesh,2012,4400.46,1870.09,3125,4991.36
Maize,Uttar Pradesh,2013,8352.73,4128.14,3125,8151.37
Maize,Uttar Pradesh,2014,2838.96,9344.6,3125,3692.96
Maize,Uttar Pradesh,2015,6661.29,2371.74,3125,6703.2
Maize,Uttar Pradesh,2016,5525.54,5859.61,3125,6036.08
Maize,Uttar Pradesh,2017,2429.76,6612.27,3125,2993.82
Maize,Uttar Pradesh,2018,6009.69,2149.42,3125,5615.95
Maize,Uttar Pradesh,2019,3179.59,7378.7,3125,2354.87
Maize,Uttar Pradesh,2020,9635.62,3368.01,3125,9246.67
Maize,Uttar Pradesh,2021,4476.26,9432.62,3125,4677.45
Maize,Uttar Pradesh,2022,6587.45,4572.83,3125,6581.38
Maize,Uttar Pradesh,2023,11325.2,5641.11,3125,10742.22
Maize,Uttar Pradesh,2024,7936.68,9929.42,3125,8571.58
Maize,Uttar Pradesh,2025,5094.72,9375.36,3125,5830.83
Maize,Uttar Pradesh,2026,9210.82,4425.61,3125,8820.17
Maize,Uttar Pradesh,2027,1661.2,8253.33,3125,1008.25
Maize,Uttar Pradesh,2028,6807.97,1728.27,3125,7759.19
Sugarcane,Uttar Pradesh,2000,6125.46,4861.0,7656,5752.92
Sugarcane,Uttar Pradesh,2001,5525.41,6176.47,7656,6321.93
Sugarcane,Uttar Pradesh,2002,7846.23,6457.34,7656,8751.82
Sugarcane,Uttar Pradesh,2003,8987.38,8463.99,7656,8230.91
Sugarcane,Uttar Pradesh,2004,5317.06,8426.81,7656,4782.17
Sugarcane,Uttar Pradesh,2005,1910.04,5304.11,7656,1154.11
Sugarcane,Uttar Pradesh,2006,7456.96,1719.69,7656,8209.17
Sugarcane,Uttar Pradesh,2007,3991.77,6348.62,7656,2992.43
Sugarcane,Uttar Pradesh,2008,1206.74,3499.77,7656,936.34
Sugarcane,Uttar Pradesh,2009,4593.58,1159.19,7656,3977.14
Sugarcane,Uttar Pradesh,2010,2887.9,4478.15,7656,3396.41
Sugarcane,Uttar Pradesh,2011,6042.48,2905.8,7656,5903.16
Sugarcane,Uttar Pradesh,2012,2104.49,6575.48,7656,2669.88
Sugarcane,Uttar Pradesh,2013,2951.73,2535.98,7656,3334.97
Sugarcane,Uttar Pradesh,2014,6912.09,3388.49,7656,6369.88
Sugarcane,Uttar Pradesh,2015,2748.3,6562.47,7656,2095.8
Sugarcane,Uttar Pradesh,2016,7862.25,3093.81,7656,8310.88
Sugarcane,Uttar Pradesh,2017,7819.29,6901.51,7656,8127.44
Sugarcane,Uttar Pradesh,2018,4230.85,8128.84,7656,4194.12
Sugarcane,Uttar Pradesh,2019,2474.91,4188.13,7656,3402.55
Sugarcane,Uttar Pradesh,2020,2763.04,2591.98,7656,2600.2
Sugarcane,Uttar Pradesh,2021,8379.63,3237.22,7656,8741.58
Sugarcane,Uttar Pradesh,2022,2836.06,8113.04,7656,2483.06
Sugarcane,Uttar Pradesh,2023,8948.8,2707.25,7656,8346.51
Sugarcane,Uttar Pradesh,2024,1292.21,8508.73,7656,1035.03
Sugarcane,Uttar Pradesh,2025,3590.91,1581.55,7656,3589.58
Sugarcane,Uttar Pradesh,2026,2917.95,3392.66,7656,2172.35
Sugarcane,Uttar Pradesh,2027,7880.84,3394.17,7656,8184.26
Sugarcane,Uttar Pradesh,2028,8674.75,8781.94,7656,9393.88
Cotton,Uttar Pradesh,2000,8196.4,3101.0,8164,7400.7
Cotton,Uttar Pradesh,2001,8155.44,9606.0,8164,8773.21
Cotton,Uttar Pradesh,2002,1538.8,6928.23,8164,2399.44
Cotton,Uttar Pradesh,2003,3646.14,1687.75,8164,4296.41
Cotton,Uttar Pradesh,2004,5210.9,3277.53,8164,5111.15
Cotton,Uttar Pradesh,2005,3516.6,5459.07,8164,3417.84
Cotton,Uttar Pradesh,2006,7531.76,3042.68,8164,8508.31
Cotton,Uttar Pradesh,2007,4087.03,8942.13,8164,3163.07
Cotton,Uttar Pradesh,2008,8206.7,4989.46,8164,8810.97
Cotton,Uttar Pradesh,2009,1586.37,7715.87,8164,1603.53
Cotton,Uttar Pradesh,2010,4420.04,1948.31,8164,5403.22
Cotton,Uttar Pradesh,2011,11459.44,4488.36,8164,12027.12
Cotton,Uttar Pradesh,2012,4046.18,9736.75,8164,4145.41
Cotton,Uttar Pradesh,2013,7012.78,4193.57,8164,6861.37
Cotton,Uttar Pradesh,2014,1753.78,8474.81,8164,2551.58
Cotton,Uttar Pradesh,2015,7166.85,1743.56,8164,8118.83
Cotton,Uttar Pradesh,2016,5634.15,8042.36,8164,5144.97
Cotton,Uttar Pradesh,2017,2769.84,7006.15,8164,3689.49
Cotton,Uttar Pradesh,2018,6144.11,3346.42,8164,5788.54
Cotton,Uttar Pradesh,2019,2105.27,5304.3,8164,1333.18
Cotton,Uttar Pradesh,2020,6277.63,2127.1,8164,6319.17
Cotton,Uttar Pradesh,2021,5649.1,5374.14,8164,4736.57
Cotton,Uttar Pradesh,2022,2075.99,6548.5,8164,1266.01
Cotton,Uttar Pradesh,2023,4471.78,1997.27,8164,4249.08
Cotton,Uttar Pradesh,2024,2249.37,4383.94,8164,3106.01
Cotton,Uttar Pradesh,2025,7072.64,2473.15,8164,6098.07
Cotton,Uttar Pradesh,2026,10612.88,7083.84,8164,10246.72
Cotton,Uttar Pradesh,2027,8052.14,9931.74,8164,8140.17
Cotton,Uttar Pradesh,2028,5974.34,8913.42,8164,6931.13
Barley,Uttar Pradesh,2000,5251.15,801.0,9527,4358.87
Barley,Uttar Pradesh,2001,4273.54,6020.32,9527,3812.2
Barley,Uttar Pradesh,2002,6389.95,3880.54,9527,5605.84
Barley,Uttar Pradesh,2003,5997.55,5856.01,9527,6927.81
Barley,Uttar Pradesh,2004,4641.63,7167.68,9527,4326.4
Barley,Uttar Pradesh,2005,5208.28,5395.55,9527,5695.13
Barley,Uttar Pradesh,2006,5481.71,4720.75,9527,4784.85
Barley,Uttar Pradesh,2007,1900.73,6507.46,9527,2655.01
Barley,Uttar Pradesh,2008,4238.9,1843.81,9527,4354.98
Barley,Uttar Pradesh,2009,9108.81,4904.2,9527,9871.71
Barley,Uttar Pradesh,2010,3072.52,8305.77,9527,3832.15
Barley,Uttar Pradesh,2011,6394.84,3501.12,9527,6879.54
Barley,Uttar Pradesh,2012,8719.45,6918.04,9527,9095.22
Barley,Uttar Pradesh,2013,4445.09,8336.07,9527,4493.41
Barley,Uttar Pradesh,2014,9806.32,4377.34,9527,10471.68
Barley,Uttar Pradesh,2015,1209.01,8632.43,9527,1726.37
Barley,Uttar Pradesh,2016,7833.76,1099.28,9527,8517.7
Barley,Uttar Pradesh,2017,5237.16,7105.41,9527,4486.59
Barley,Uttar Pradesh,2018,4724.63,5232.87,9527,5285.43
Barley,Uttar Pradesh,2019,2526.81,4468.38,9527,2852.89
Barley,Uttar Pradesh,2020,886.09,2954.88,9527,-55.77
Barley,Uttar Pradesh,2021,2183.03,1016.92,9527,1958.38
Barley,Uttar Pradesh,2022,5312.72,2501.97,9527,5332.94
Barley,Uttar Pradesh,2023,6321.37,4620.94,9527,5772.25
Barley,Uttar Pradesh,2024,6015.94,7510.64,9527,5989.14
Barley,Uttar Pradesh,2025,6655.58,7326.49,9527,5701.45
Barley,Uttar Pradesh,2026,4111.84,6394.32,9527,3409.84
Barley,Uttar Pradesh,2027,7972.78,3898.97,9527,8936.72
Barley,Uttar Pradesh,2028,3264.24,7258.74,9527,3304.84
Gram,Uttar Pradesh,2000,4098.82,4778.0,8256,3540.04
Gram,Uttar Pradesh,2001,6985.82,4906.17,8256,7982.51
Gram,Uttar Pradesh,2002,9933.95,6384.03,8256,9776.45
Gram,Uttar Pradesh,2003,7494.07,9398.02,8256,6730.74
Gram,Uttar Pradesh,2004,5326.5,6725.6,8256,5094.16
Gram,Uttar Pradesh,2005,6362.65,4689.14,8256,5731.61
Gram,Uttar Pradesh,2006,3978.12,6146.85,8256,3030.51
Gram,Uttar Pradesh,2007,1379.29,4260.12,8256,925.43
Gram,Uttar Pradesh,2008,5206.81,1217.73,8256,6088.16
Gram,Uttar Pradesh,2009,3239.87,5662.71,8256,3985.33
Gram,Uttar Pradesh,2010,7500.43,3333.67,8256,8105.71
Gram,Uttar Pradesh,2011,5088.78,8577.4,8256,4355.74
Gram,Uttar Pradesh,2012,1882.73,5123.68,8256,1875.65
Gram,Uttar Pradesh,2013,5384.4,1725.41,8256,5915.42
Gram,Uttar Pradesh,2014,2537.32,4931.66,8256,1808.03
Gram,Uttar Pradesh,2015,8249.71,2430.17,8256,9162.94
Gram,Uttar Pradesh,2016,1333.48,7762.38,8256,897.86
Gram,Uttar Pradesh,2017,3015.76,1620.62,8256,3828.27
Gram,Uttar Pradesh,2018,2949.82,3355.35,8256,3468.62
Gram,Uttar Pradesh,2019,5606.35,3245.92,8256,4737.09
Gram,Uttar Pradesh,2020,4382.96,5047.66,8256,3508.26
Gram,Uttar Pradesh,2021,7836.43,5388.14,8256,7901.27
Gram,Uttar Pradesh,2022,4412.87,9157.94,8256,5212.54
Gram,Uttar Pradesh,2023,1274.79,4699.86,8256,2201.58
Gram,Uttar Pradesh,2024,7097.14,1196.41,8256,6201.66
Gram,Uttar Pradesh,2025,4311.6,6041.51,8256,4773.25
Gram,Uttar Pradesh,2026,8874.19,4769.14,8256,9182.54
Gram,Uttar Pradesh,2027,2855.6,9831.67,8256,2783.47
Gram,Uttar Pradesh,2028,10171.22,2782.88,8256,9870.23
Soybean,Uttar Pradesh,2000,2101.79,924.0,8304,1603.72
Soybean,Uttar Pradesh,2001,8867.51,2361.22,8304,8914.29
Soybean,Uttar Pradesh,2002,2325.77,8655.54,8304,2771.4
Soybean,Uttar Pradesh,2003,1742.78,2032.92,8304,1829.86
Soybean,Uttar Pradesh,2004,1706.58,1609.02,8304,1675.97
Soybean,Uttar Pradesh,2005,2936.24,1735.53,8304,3636.19
Soybean,Uttar Pradesh,2006,6915.31,2491.97,8304,6738.84
Soybean,Uttar Pradesh,2007,6983.4,7021.2,8304,6107.95
Soybean,Uttar Pradesh,2008,6300.4,6858.76,8304,6218.88
Soybean,Uttar Pradesh,2009,1635.67,5612.52,8304,1038.39
Soybean,Uttar Pradesh,2010,2881.3,1467.61,8304,2541.73
Soybean,Uttar Pradesh,2011,7871.33,3327.59,8304,7281.09
Soybean,Uttar Pradesh,2012,10251.85,7810.76,8304,10993.01
Soybean,Uttar Pradesh,2013,3087.74,8900.47,8304,4057.72
Soybean,Uttar Pradesh,2014,6444.86,3149.17,8304,5575.27
Soybean,Uttar Pradesh,2015,6022.53,7948.11,8304,6099.93
Soybean,Uttar Pradesh,2016,4615.46,5175.38,8304,4929.02
Soybean,Uttar Pradesh,2017,7997.19,5480.31,8304,8548.41
Soybean,Uttar Pradesh,2018,8533.24,8398.93,8304,8579.9
Soybean,Uttar Pradesh,2019,4004.11,9680.29,8304,4159.29
Soybean,Uttar Pradesh,2020,7510.99,3584.24,8304,7302.93
Soybean,Uttar Pradesh,2021,9357.83,6711.24,8304,8673.74
Soybean,Uttar Pradesh,2022,8115.09,9235.81,8304,7748.61
Soybean,Uttar Pradesh,2023,10130.37,7263.09,8304,9684.17
Soybean,Uttar Pradesh,2024,8435.85,8714.61,8304,7839.88
Soybean,Uttar Pradesh,2025,3076.92,9851.69,8304,3385.5
Soybean,Uttar Pradesh,2026,2312.39,2658.02,8304,2542.99
Soybean,Uttar Pradesh,2027,2019.05,2368.94,8304,2626.26
Soybean,Uttar Pradesh,2028,6583.3,1751.18,8304,6418.82
